Statement ID,Statement Text,Reference
1,A woman should be free to refuse sex with her husband or partner under any circumstances.,93
2,It is important for girls and women to be educated.,96
3,A woman should be free to divorce or leave her husband even if he does not wish to end the marriage.,91
4,Men and women are equally suitable for all professions.,60
5,It is important for women to have more opportunities in politics.,71
6,A woman can live a successful life even if she does not marry a man.,95
7,Women often exaggerate their accounts of sexual violence in order to take advantage of the situation.,10
8,A university education is more important for a boy than for a girl.,5
9,"Even if a mother is being mistreated by her partner, she should stay for the sake of the children.",3
10,"When women lose out to men in a fair competition, they like to claim that they have been discriminated against.",15
11,Men make better political leaders than women do.,15
12,A woman has to have children in order to be fulfilled.,8